{
"1": {
    "nombre": "Akira",
    "genero": "Seinen",
    "año": "1988",
    "autor": "Katsuhiro Otomo"
},
"2": {
    "nombre": "Dragon Ball",
    "genero": "Shonen",
    "año": "1986",
    "autor": "Akira Toriyama"
},
"3": {
    "nombre": "Sailor Moon",
    "genero": "Shojo",
    "año": "1992",
    "autor": "Naoko Takeuchi"
},
"4": {
    "nombre": "Naruto",
    "genero": "Shonen",
    "año": "2002",
    "autor": "Masashi Kishimoto"
},
"5": {
    "nombre": "Neon Genesis Evangelion",
    "genero": "Mecha",
    "año": "1995",
    "autor": "Yoshiyuki Sadamoto"
},
"6": {
    "nombre": "Mazinger Z",
    "genero": "Mechas",
    "año": "1976",
    "autor": "Go Nagai"
},
"7": {
    "nombre": "Kimetsu no Yaiba",
    "genero": "Shonen",
    "año": "2016",
    "autor": "Koyoharu Gotouge"
}
}